{"cameraMode":{"drawMode":0,"name":"Shaded","section":"Shading Mode"},"sceneLighting":false,"audioPlay":false,"sceneViewState":{"m_AlwaysRefresh":false,"showFog":true,"showSkybox":true,"showFlares":true,"showImageEffects":true,"showParticleSystems":true,"showVisualEffectGraphs":true,"m_FxEnabled":true},"in2DMode":false,"pivot":{"x":-4.845606803894043,"y":-12.708171844482422,"z":-7.3514862060546879},"rotation":{"x":0.33377110958099368,"y":-0.14066500961780549,"z":0.050452012568712237,"w":0.9307405352592468},"size":22.750961303710939,"orthographic":false}